{"cameraMode":{"drawMode":0,"name":"Shaded","section":"Shading Mode"},"sceneLighting":true,"audioPlay":false,"sceneViewState":{"m_AlwaysRefresh":false,"showFog":true,"showSkybox":true,"showFlares":true,"showImageEffects":true,"showParticleSystems":true,"showVisualEffectGraphs":true,"m_FxEnabled":true},"in2DMode":false,"pivot":{"x":375.1021728515625,"y":-0.588226318359375,"z":523.7952270507813},"rotation":{"x":-0.1922154575586319,"y":-0.0012845175806432963,"z":-0.005747312679886818,"w":-0.9819197654724121},"size":656.3885498046875,"orthographic":false}